feature,importance,importance_std
crop_type,1.0161246697782407,0.01596809442592449
season_mean_temp_c,0.8209409016606604,0.011102959653101072
altitude_m,0.8180644871445649,0.009486338982328988
pest_disease_flag,0.2605691216580609,0.0025838352207353346
soil_quality_index,0.21017787548154146,0.003570836156796569
fertilizer_improved_seed_interaction,0.12422442250175972,0.0038750585595270235
fertilizer_kg_per_ha,0.09401338886616853,0.002964315906405938
rainfall_mm_season,0.052615256417187437,0.003190465658199424
improved_seed_used,0.02653813562256483,0.0014511369284057462
labor_days_per_ha,0.02535278929079694,0.002103172740243605
distance_to_market_km,0.007226458822753889,0.00029386225250893443
season_temp_deviation_c,0.005931542309002791,0.0005814261470640255
farm_size_ha,0.005438511625718634,0.00024586873759385394
rainfall_per_fertilizer,0.0053369745030853455,0.0003405743869058165
season_rainfall_total_mm,0.005165580366025402,0.0004569502578884985
season_temp_std_c,0.004743719473639674,0.0002965539878771162
region,0.003953114346041975,0.0005317322793187675
season_extreme_heat_days,0.003362523186452371,0.00017111614691627794
planting_month_num,0.001722855965036929,0.00038073356344563847
survey_year,0.0016458730960975609,0.00020285956690281704
planting_month,0.0013648122443263965,0.00010208514340192165
weather_months_available,0.00044047083559433097,2.413481497544114e-05
weather_months_missing,5.607686704515169e-05,2.212018793278858e-05
weather_months_expected,0.0,0.0
