region,crop_type,survey_year,price_birr_per_quintal
Oromia,barley,2024.0,4590.0
Amhara,maize,2023.0,4230.0
Oromia,wheat,2024.0,5387.0
SNNPR,barley,2022.0,4181.0
Amhara,sorghum,2021.0,2706.0
Amhara,sorghum,2023.0,3376.0
Somali,sorghum,2021.0,2559.0
Tigray,sorghum,2021.0,2723.0
Amhara,sorghum,2022.0,4230.0
Tigray,sorghum,2024.0,3583.0
Amhara,barley,2023.0,4644.0
SNNPR,sorghum,2023.0,3493.0
Somali,wheat,2023.0,4846.0
Oromia,teff,2023.0,8071.0
SNNPR,teff,2023.0,8598.0
Oromia,maize,2022.0,2725.0
SNNPR,maize,2022.0,2767.0
SNNPR,teff,2024.0,8294.0
Oromia,wheat,2023.0,4848.0
Amhara,wheat,2023.0,4590.0
SNNPR,barley,2023.0,4735.0
Somali,maize,2022.0,2712.0
Amhara,wheat,2024.0,5609.0
SNNPR,sorghum,2024.0,3577.0
SNNPR,sorghum,2021.0,2747.0
Amhara,wheat,2021.0,4409.0
Amhara,sorghum,2024.0,34.0
Tigray,teff,2023.0,7701.0
Somali,teff,2024.0,8811.0
SNNPR,teff,2022.0,7653.0
Tigray,maize,2021.0,2576.0
SNNPR,maize,2024.0,3007.0
Somali,maize,2023.0,2979.0
Oromia,sorghum,2021.0,2709.0
Amhara,teff,2021.0,6650.0
SNNPR,maize,2021.0,2823.0
Oromia,sorghum,2022.0,3302.0
Tigray,maize,2024.0,3345.0
Oromia,barley,2023.0,4943.0
Somali,wheat,2021.0,44.0
Tigray,barley,2022.0,4359.0
Somali,maize,2024.0,3497.0
Somali,barley,2024.0,5206.0
Amhara,teff,2022.0,7129.0
Tigray,wheat,2024.0,5652.0
Somali,sorghum,2022.0,2972.0
Oromia,maize,2024.0,3186.0
Amhara,barley,2022.0,3997.0
Tigray,maize,2023.0,3078.0
Oromia,maize,2023.0,3074.0
Amhara,teff,2024.0,4230.0
Tigray,barley,2021.0,3847.0
SNNPR,barley,2021.0,4284.0
Oromia,teff,2024.0,8707.0
SNNPR,maize,2023.0,3073.0
Somali,wheat,2022.0,4579.0
Amhara,barley,2024.0,4863.0
Tigray,wheat,2023.0,4310.0
Oromia,wheat,2022.0,4538.0
Tigray,teff,2024.0,8474.0
Somali,teff,2021.0,7175.0
Amhara,maize,2024.0,3131.0
Amhara,maize,2021.0,2403.0
Tigray,wheat,2022.0,4686.0
Somali,teff,2023.0,8506.0
SNNPR,wheat,2024.0,5898.0
Tigray,sorghum,2022.0,3106.0
Somali,barley,2022.0,4230.0
Amhara,maize,2022.0,2824.0
SNNPR,sorghum,2022.0,2922.0
SNNPR,teff,2021.0,7325.0
Tigray,barley,2023.0,4561.0
Oromia,teff,2022.0,7669.0
Tigray,barley,2024.0,5199.0
SNNPR,wheat,2023.0,5321.0
Somali,sorghum,2023.0,3642.0
Somali,barley,2021.0,3748.0
Oromia,sorghum,2023.0,3262.0
Oromia,maize,2021.0,2714.0
Tigray,teff,2021.0,6879.0
Somali,sorghum,2024.0,3399.0
Oromia,barley,2021.0,3755.0
Amhara,barley,2021.0,41.0
SNNPR,barley,2024.0,4230.0
Tigray,maize,2022.0,3223.0
Oromia,wheat,2021.0,3644.0
Tigray,teff,2022.0,7271.0
Tigray,sorghum,2023.0,3605.0
SNNPR,wheat,2022.0,4873.0
Amhara,wheat,2022.0,49.0
SNNPR,wheat,2021.0,4588.0
Oromia,sorghum,2024.0,3503.0
Amhara,teff,2023.0,7289.0
Somali,teff,2022.0,7269.0
Somali,barley,2023.0,4965.0
Tigray,wheat,2021.0,4484.0
Oromia,barley,2022.0,4179.0
Oromia,teff,2021.0,6396.0
Somali,wheat,2024.0,5241.0
Somali,maize,2021.0,2495.0
